{
    "config": {
        "batch_size": 128,
        "lr": 0.0005,
        "epochs": 20,
        "clip_value": 1.0
    },
    "test_metrics": {
        "mse": 1.9263554811477661,
        "rmse": 1.387932088089243,
        "mae": 0.7828576564788818,
        "r2": -0.7021424770355225
    },
    "final_train_loss": 1.8831615868736715,
    "final_val_loss": 1.9932624023893606,
    "train_losses": [
        6.359970552079818,
        2.071393088382833,
        2.0685013813130997,
        2.0608355429242637,
        2.0492252768839108,
        2.016728490591049,
        1.972233120132895,
        1.9535929665845984,
        1.9434087302754908,
        1.9346681482651655,
        1.929562634404968,
        1.923348210313741,
        1.9214452899554197,
        1.915368922493037,
        1.9081201816306395,
        1.9043545381111258,
        1.9039955296937157,
        1.8956694787039476,
        1.8866067186874502,
        1.8831615868736715
    ],
    "val_losses": [
        2.1281743516092715,
        2.123913622420767,
        2.1158891994020212,
        2.1096115630605947,
        2.1041723230610723,
        2.053150643473086,
        2.033348005750905,
        2.0398963586143823,
        2.0127273150112317,
        2.0162575685459636,
        2.0107466526653455,
        2.0102631138718645,
        2.0372797561728437,
        2.0114185136297476,
        2.027304983657339,
        2.0181469036185224,
        2.0019561466963394,
        2.0018431492473767,
        2.027196764945984,
        1.9932624023893606
    ]
}