{
    "config": {
        "batch_size": 64,
        "lr": 1e-06,
        "epochs": 110,
        "hidden_size": 64,
        "num_gru_layers": 1,
        "mlp_hidden_size": 32
    },
    "test_metrics": {
        "mse": 8.095978736877441,
        "rmse": 2.8453433425295866,
        "mae": 1.5997428894042969,
        "r2": -25.120389938354492
    },
    "final_train_loss": 2.2665350827224113,
    "final_val_loss": 8.172269910246461,
    "train_losses": [
        16.321270571035498,
        16.255696408888873,
        16.199648257564096,
        16.105190084261054,
        16.058629351503708,
        15.989814260426689,
        15.896533282364116,
        15.953752710538751,
        15.74770907794728,
        15.671147707630606,
        15.592487030169544,
        15.529505901476917,
        15.43246969054727,
        15.34941710093442,
        15.284115440705243,
        15.223014614161324,
        15.087367446983562,
        15.001415207105524,
        14.963872103130116,
        14.884382405701805,
        14.738633899127736,
        14.653310358524323,
        14.538857624811286,
        14.429067345226512,
        14.359182673342088,
        14.236670452005724,
        14.101682936444002,
        13.994463804890128,
        13.944137387415942,
        13.73622723537333,
        13.635692649027881,
        13.52758629883037,
        13.356207339202657,
        13.23063240331762,
        13.145373586346121,
        12.95964387585135,
        12.797461993554059,
        12.652196077739491,
        12.522340644808377,
        12.373067305368536,
        12.198259662179385,
        12.009901272899965,
        11.83770133116666,
        11.700380847734564,
        11.480683656299815,
        11.29307359457016,
        11.118064543780159,
        10.908039562842426,
        10.734228134155273,
        10.499508223112892,
        10.28952843652052,
        10.059598435373868,
        9.849844082313425,
        9.633798502823886,
        9.44490491292056,
        9.169222250580788,
        8.947486677590538,
        8.727421327548868,
        8.486638232189065,
        8.236688906655592,
        8.055142956621507,
        7.767428811858682,
        7.54836973898551,
        7.326848294805078,
        7.102748441345551,
        6.870410426574595,
        6.648690560284783,
        6.442111001295202,
        6.205883818514207,
        6.017603854922688,
        5.813079174827127,
        5.639289403662962,
        5.449698120355606,
        5.2802826692076295,
        5.105204069439103,
        4.941100601764286,
        4.803417715956183,
        4.66363428708385,
        4.505708395119975,
        4.398995659807149,
        4.27018224141177,
        4.136353405082927,
        4.013331201146631,
        3.921156281057526,
        3.798275115297121,
        3.709988997263067,
        3.62058681687888,
        3.5179567056543686,
        3.433579327429042,
        3.3302100202178253,
        3.253649134846295,
        3.1812894580995335,
        3.099214064724305,
        3.0337851415662205,
        2.966673617853838,
        2.8950200878521977,
        2.833794123986188,
        2.776662943117759,
        2.705561458187945,
        2.6656642652609768,
        2.601362852489247,
        2.558918586548637,
        2.5069914976244463,
        2.4647920945768846,
        2.423964395023444,
        2.3867762055905426,
        2.3595106597332394,
        2.329552168793538,
        2.288391894715674,
        2.2665350827224113
    ],
    "val_losses": [
        16.273235698322672,
        16.257386312379943,
        16.241561606690123,
        16.225732509906475,
        16.209843289721142,
        16.19388787825029,
        16.177882414597732,
        16.16175164233197,
        16.14549701816433,
        16.129089722266563,
        16.11248527778374,
        16.095668247767858,
        16.078619275774276,
        16.061278259361185,
        16.043617227575282,
        16.02563894712008,
        16.00730910668006,
        15.988574499612326,
        15.969473073770711,
        15.949953079223633,
        15.929946532616249,
        15.909486508631444,
        15.888474453936567,
        15.866952131082723,
        15.844866511585948,
        15.822153301029415,
        15.798828565157377,
        15.774823702298677,
        15.750091416495186,
        15.72460950075925,
        15.698255570380242,
        15.671010551871834,
        15.642822548583313,
        15.613669206807902,
        15.583526391249437,
        15.552351155123867,
        15.520113986927074,
        15.486763272966657,
        15.452305343124893,
        15.41663932800293,
        15.379783357892718,
        15.341713821494972,
        15.302317189646292,
        15.261510513641023,
        15.219324321537227,
        15.175673977359311,
        15.130528806330084,
        15.083963498964415,
        15.035859233730442,
        14.986195166032394,
        14.93495942210103,
        14.882023758940644,
        14.827637326586377,
        14.771240810771564,
        14.713056868249243,
        14.65303582411546,
        14.591134836385539,
        14.527326101785178,
        14.46157834818075,
        14.393847056797572,
        14.324068258096883,
        14.252239038656047,
        14.178453623593509,
        14.102380784003289,
        14.024018109499753,
        13.943439169244451,
        13.860509945796085,
        13.775404353718182,
        13.687845251062415,
        13.598363876342773,
        13.506120587443258,
        13.411632150084108,
        13.31501958658407,
        13.215886629544771,
        13.11441114446619,
        13.010546149788322,
        12.904319029587965,
        12.795702630346948,
        12.684568289872054,
        12.571084923796601,
        12.45562752524575,
        12.337557100987697,
        12.217972786871941,
        12.095787478017282,
        11.971072071201199,
        11.843796069805439,
        11.71368322791634,
        11.581512110573906,
        11.446675557356615,
        11.309612677647518,
        11.170523790212778,
        11.029138287345132,
        10.885415349687849,
        10.738958699362618,
        10.59091692180424,
        10.438916426438551,
        10.284687450953893,
        10.127002249707232,
        9.967191811446305,
        9.806257813841432,
        9.64557286147233,
        9.48239662883046,
        9.316760492848825,
        9.154061810000913,
        8.993628129854308,
        8.829676484013651,
        8.66632425392067,
        8.499430656433105,
        8.33524015709594,
        8.172269910246461
    ]
}