{
    "config": {
        "batch_size": 16,
        "lr": 0.0001,
        "epochs": 20,
        "clip_value": 0.5,
        "hidden_size": 64,
        "num_gru_layers": 3,
        "mlp_hidden_size": 32
    },
    "test_metrics": {
        "mse": 1.9525624513626099,
        "rmse": 1.3973412079240382,
        "mae": 0.7882960438728333,
        "r2": -0.18706852197647095
    },
    "final_train_loss": 1.9214018246545221,
    "final_val_loss": 2.0550717797305778,
    "train_losses": [
        3.4322635900040375,
        2.0749756575180087,
        2.059128706905699,
        2.0028274003261797,
        1.9874860046920688,
        1.9830870610777684,
        1.964479865346636,
        1.9564015323115933,
        1.9494569171134228,
        1.9474267604164264,
        1.9439385535530231,
        1.9455598975656219,
        1.9373143746556225,
        1.9347268357804295,
        1.9370887381140538,
        1.9324767871386443,
        1.9261329748663485,
        1.9229107831617653,
        1.9227218546625655,
        1.9214018246545221
    ],
    "val_losses": [
        2.1094853607241135,
        2.1080997095874143,
        2.0602197622328253,
        2.047905362874187,
        2.063767457767867,
        2.047218290227272,
        2.048140352122341,
        2.0385833602202568,
        2.042938924562238,
        2.0281350478901428,
        2.049276251211721,
        2.071104653654336,
        2.036142122052053,
        2.0236571508761587,
        2.041467421272785,
        2.0708192501041696,
        2.0500024190569848,
        2.0569737416555345,
        2.1059495813298423,
        2.0550717797305778
    ]
}